[{"id":32,"title":"信息工程学院","children":[{"id":17,"title":"电子信息工程","children":[{"id":58,"title":"电子信息1601","children":[]},{"id":80,"title":"电子信息1602","children":[]},{"id":85,"title":"电子信息1603","children":[]},{"id":88,"title":"电子信息1701","children":[]},{"id":89,"title":"电子信息1702","children":[]},{"id":90,"title":"电子信息1703","children":[]}]},{"id":18,"title":"计算机科学与技术","children":[{"id":68,"title":"计算机1701","children":[{"userId":283,"title":"艾霄席1"},{"userId":284,"title":"艾霄席2"},{"userId":285,"title":"艾霄席3"},{"userId":286,"title":"艾霄席4"},{"userId":287,"title":"艾霄席5"},{"userId":288,"title":"艾霄席6"},{"userId":289,"title":"艾霄席7"},{"userId":290,"title":"艾霄席8"},{"userId":291,"title":"艾霄席9"},{"userId":292,"title":"艾霄席10"},{"userId":293,"title":"艾霄席11"},{"userId":294,"title":"艾霄席12"},{"userId":295,"title":"艾霄席13"},{"userId":296,"title":"艾霄席14"},{"userId":297,"title":"艾霄席15"},{"userId":298,"title":"艾霄席16"},{"userId":299,"title":"艾霄席17"},{"userId":300,"title":"艾霄席18"},{"userId":301,"title":"艾霄席19"},{"userId":302,"title":"艾霄席20"}]},{"id":91,"title":"计算机1702","children":[{"userId":303,"title":"艾霄席21"},{"userId":304,"title":"艾霄席22"},{"userId":305,"title":"艾霄席23"},{"userId":306,"title":"艾霄席24"},{"userId":307,"title":"艾霄席25"},{"userId":308,"title":"艾霄席26"},{"userId":309,"title":"艾霄席27"},{"userId":310,"title":"艾霄席28"},{"userId":311,"title":"艾霄席29"},{"userId":312,"title":"艾霄席30"},{"userId":313,"title":"艾霄席31"},{"userId":314,"title":"艾霄席32"},{"userId":315,"title":"艾霄席33"},{"userId":316,"title":"艾霄席34"},{"userId":317,"title":"艾霄席35"},{"userId":318,"title":"艾霄席36"},{"userId":319,"title":"艾霄席37"},{"userId":320,"title":"艾霄席38"},{"userId":321,"title":"艾霄席39"},{"userId":322,"title":"艾霄席40"}]}]},{"id":34,"title":"软件技术","children":[{"id":82,"title":"test1","children":[{"userId":124,"title":"stu"}]},{"id":83,"title":"S","children":[]},{"id":84,"title":"ss","children":[]}]},{"id":35,"title":null,"children":[{"id":96,"title":"通信技术一班","children":[]}]},{"id":67,"title":"大数据技术与应用","children":[]},{"id":68,"title":"计算机网络技术","children":[]},{"id":69,"title":"软件技术","children":[{"id":82,"title":"test1","children":[{"userId":124,"title":"stu"}]},{"id":83,"title":"S","children":[]},{"id":84,"title":"ss","children":[]}]},{"id":70,"title":"云计算技术与应用","children":[]},{"id":71,"title":"信息安全与管理","children":[]},{"id":72,"title":"移动应用开发","children":[]},{"id":73,"title":"计算机系统与维护","children":[]},{"id":74,"title":"电子信息工程技术","children":[]},{"id":75,"title":"物联网应用技术","children":[]},{"id":76,"title":"移动互联应用技术","children":[]},{"id":77,"title":"软件与信息服务","children":[]},{"id":78,"title":"计算机信息管理","children":[]},{"id":79,"title":"计算机应用技术","children":[]}]},{"id":33,"title":"机械工程学院","children":[{"id":17,"title":"电子信息工程","children":[{"id":58,"title":"电子信息1601","children":[]},{"id":80,"title":"电子信息1602","children":[]},{"id":85,"title":"电子信息1603","children":[]},{"id":88,"title":"电子信息1701","children":[]},{"id":89,"title":"电子信息1702","children":[]},{"id":90,"title":"电子信息1703","children":[]}]},{"id":18,"title":"计算机科学与技术","children":[{"id":68,"title":"计算机1701","children":[{"userId":283,"title":"艾霄席1"},{"userId":284,"title":"艾霄席2"},{"userId":285,"title":"艾霄席3"},{"userId":286,"title":"艾霄席4"},{"userId":287,"title":"艾霄席5"},{"userId":288,"title":"艾霄席6"},{"userId":289,"title":"艾霄席7"},{"userId":290,"title":"艾霄席8"},{"userId":291,"title":"艾霄席9"},{"userId":292,"title":"艾霄席10"},{"userId":293,"title":"艾霄席11"},{"userId":294,"title":"艾霄席12"},{"userId":295,"title":"艾霄席13"},{"userId":296,"title":"艾霄席14"},{"userId":297,"title":"艾霄席15"},{"userId":298,"title":"艾霄席16"},{"userId":299,"title":"艾霄席17"},{"userId":300,"title":"艾霄席18"},{"userId":301,"title":"艾霄席19"},{"userId":302,"title":"艾霄席20"}]},{"id":91,"title":"计算机1702","children":[{"userId":303,"title":"艾霄席21"},{"userId":304,"title":"艾霄席22"},{"userId":305,"title":"艾霄席23"},{"userId":306,"title":"艾霄席24"},{"userId":307,"title":"艾霄席25"},{"userId":308,"title":"艾霄席26"},{"userId":309,"title":"艾霄席27"},{"userId":310,"title":"艾霄席28"},{"userId":311,"title":"艾霄席29"},{"userId":312,"title":"艾霄席30"},{"userId":313,"title":"艾霄席31"},{"userId":314,"title":"艾霄席32"},{"userId":315,"title":"艾霄席33"},{"userId":316,"title":"艾霄席34"},{"userId":317,"title":"艾霄席35"},{"userId":318,"title":"艾霄席36"},{"userId":319,"title":"艾霄席37"},{"userId":320,"title":"艾霄席38"},{"userId":321,"title":"艾霄席39"},{"userId":322,"title":"艾霄席40"}]}]},{"id":34,"title":"软件技术","children":[{"id":82,"title":"test1","children":[{"userId":124,"title":"stu"}]},{"id":83,"title":"S","children":[]},{"id":84,"title":"ss","children":[]}]},{"id":35,"title":null,"children":[{"id":96,"title":"通信技术一班","children":[]}]},{"id":67,"title":"大数据技术与应用","children":[]},{"id":68,"title":"计算机网络技术","children":[]},{"id":69,"title":"软件技术","children":[{"id":82,"title":"test1","children":[{"userId":124,"title":"stu"}]},{"id":83,"title":"S","children":[]},{"id":84,"title":"ss","children":[]}]},{"id":70,"title":"云计算技术与应用","children":[]},{"id":71,"title":"信息安全与管理","children":[]},{"id":72,"title":"移动应用开发","children":[]},{"id":73,"title":"计算机系统与维护","children":[]},{"id":74,"title":"电子信息工程技术","children":[]},{"id":75,"title":"物联网应用技术","children":[]},{"id":76,"title":"移动互联应用技术","children":[]},{"id":77,"title":"软件与信息服务","children":[]},{"id":78,"title":"计算机信息管理","children":[]},{"id":79,"title":"计算机应用技术","children":[]}]},{"id":41,"title":"数控工程学院","children":[{"id":17,"title":"电子信息工程","children":[{"id":58,"title":"电子信息1601","children":[]},{"id":80,"title":"电子信息1602","children":[]},{"id":85,"title":"电子信息1603","children":[]},{"id":88,"title":"电子信息1701","children":[]},{"id":89,"title":"电子信息1702","children":[]},{"id":90,"title":"电子信息1703","children":[]}]},{"id":18,"title":"计算机科学与技术","children":[{"id":68,"title":"计算机1701","children":[{"userId":283,"title":"艾霄席1"},{"userId":284,"title":"艾霄席2"},{"userId":285,"title":"艾霄席3"},{"userId":286,"title":"艾霄席4"},{"userId":287,"title":"艾霄席5"},{"userId":288,"title":"艾霄席6"},{"userId":289,"title":"艾霄席7"},{"userId":290,"title":"艾霄席8"},{"userId":291,"title":"艾霄席9"},{"userId":292,"title":"艾霄席10"},{"userId":293,"title":"艾霄席11"},{"userId":294,"title":"艾霄席12"},{"userId":295,"title":"艾霄席13"},{"userId":296,"title":"艾霄席14"},{"userId":297,"title":"艾霄席15"},{"userId":298,"title":"艾霄席16"},{"userId":299,"title":"艾霄席17"},{"userId":300,"title":"艾霄席18"},{"userId":301,"title":"艾霄席19"},{"userId":302,"title":"艾霄席20"}]},{"id":91,"title":"计算机1702","children":[{"userId":303,"title":"艾霄席21"},{"userId":304,"title":"艾霄席22"},{"userId":305,"title":"艾霄席23"},{"userId":306,"title":"艾霄席24"},{"userId":307,"title":"艾霄席25"},{"userId":308,"title":"艾霄席26"},{"userId":309,"title":"艾霄席27"},{"userId":310,"title":"艾霄席28"},{"userId":311,"title":"艾霄席29"},{"userId":312,"title":"艾霄席30"},{"userId":313,"title":"艾霄席31"},{"userId":314,"title":"艾霄席32"},{"userId":315,"title":"艾霄席33"},{"userId":316,"title":"艾霄席34"},{"userId":317,"title":"艾霄席35"},{"userId":318,"title":"艾霄席36"},{"userId":319,"title":"艾霄席37"},{"userId":320,"title":"艾霄席38"},{"userId":321,"title":"艾霄席39"},{"userId":322,"title":"艾霄席40"}]}]},{"id":34,"title":"软件技术","children":[{"id":82,"title":"test1","children":[{"userId":124,"title":"stu"}]},{"id":83,"title":"S","children":[]},{"id":84,"title":"ss","children":[]}]},{"id":35,"title":null,"children":[{"id":96,"title":"通信技术一班","children":[]}]},{"id":67,"title":"大数据技术与应用","children":[]},{"id":68,"title":"计算机网络技术","children":[]},{"id":69,"title":"软件技术","children":[{"id":82,"title":"test1","children":[{"userId":124,"title":"stu"}]},{"id":83,"title":"S","children":[]},{"id":84,"title":"ss","children":[]}]},{"id":70,"title":"云计算技术与应用","children":[]},{"id":71,"title":"信息安全与管理","children":[]},{"id":72,"title":"移动应用开发","children":[]},{"id":73,"title":"计算机系统与维护","children":[]},{"id":74,"title":"电子信息工程技术","children":[]},{"id":75,"title":"物联网应用技术","children":[]},{"id":76,"title":"移动互联应用技术","children":[]},{"id":77,"title":"软件与信息服务","children":[]},{"id":78,"title":"计算机信息管理","children":[]},{"id":79,"title":"计算机应用技术","children":[]}]},{"id":57,"title":"电气工程学院","children":[{"id":17,"title":"电子信息工程","children":[{"id":58,"title":"电子信息1601","children":[]},{"id":80,"title":"电子信息1602","children":[]},{"id":85,"title":"电子信息1603","children":[]},{"id":88,"title":"电子信息1701","children":[]},{"id":89,"title":"电子信息1702","children":[]},{"id":90,"title":"电子信息1703","children":[]}]},{"id":18,"title":"计算机科学与技术","children":[{"id":68,"title":"计算机1701","children":[{"userId":283,"title":"艾霄席1"},{"userId":284,"title":"艾霄席2"},{"userId":285,"title":"艾霄席3"},{"userId":286,"title":"艾霄席4"},{"userId":287,"title":"艾霄席5"},{"userId":288,"title":"艾霄席6"},{"userId":289,"title":"艾霄席7"},{"userId":290,"title":"艾霄席8"},{"userId":291,"title":"艾霄席9"},{"userId":292,"title":"艾霄席10"},{"userId":293,"title":"艾霄席11"},{"userId":294,"title":"艾霄席12"},{"userId":295,"title":"艾霄席13"},{"userId":296,"title":"艾霄席14"},{"userId":297,"title":"艾霄席15"},{"userId":298,"title":"艾霄席16"},{"userId":299,"title":"艾霄席17"},{"userId":300,"title":"艾霄席18"},{"userId":301,"title":"艾霄席19"},{"userId":302,"title":"艾霄席20"}]},{"id":91,"title":"计算机1702","children":[{"userId":303,"title":"艾霄席21"},{"userId":304,"title":"艾霄席22"},{"userId":305,"title":"艾霄席23"},{"userId":306,"title":"艾霄席24"},{"userId":307,"title":"艾霄席25"},{"userId":308,"title":"艾霄席26"},{"userId":309,"title":"艾霄席27"},{"userId":310,"title":"艾霄席28"},{"userId":311,"title":"艾霄席29"},{"userId":312,"title":"艾霄席30"},{"userId":313,"title":"艾霄席31"},{"userId":314,"title":"艾霄席32"},{"userId":315,"title":"艾霄席33"},{"userId":316,"title":"艾霄席34"},{"userId":317,"title":"艾霄席35"},{"userId":318,"title":"艾霄席36"},{"userId":319,"title":"艾霄席37"},{"userId":320,"title":"艾霄席38"},{"userId":321,"title":"艾霄席39"},{"userId":322,"title":"艾霄席40"}]}]},{"id":34,"title":"软件技术","children":[{"id":82,"title":"test1","children":[{"userId":124,"title":"stu"}]},{"id":83,"title":"S","children":[]},{"id":84,"title":"ss","children":[]}]},{"id":35,"title":null,"children":[{"id":96,"title":"通信技术一班","children":[]}]},{"id":67,"title":"大数据技术与应用","children":[]},{"id":68,"title":"计算机网络技术","children":[]},{"id":69,"title":"软件技术","children":[{"id":82,"title":"test1","children":[{"userId":124,"title":"stu"}]},{"id":83,"title":"S","children":[]},{"id":84,"title":"ss","children":[]}]},{"id":70,"title":"云计算技术与应用","children":[]},{"id":71,"title":"信息安全与管理","children":[]},{"id":72,"title":"移动应用开发","children":[]},{"id":73,"title":"计算机系统与维护","children":[]},{"id":74,"title":"电子信息工程技术","children":[]},{"id":75,"title":"物联网应用技术","children":[]},{"id":76,"title":"移动互联应用技术","children":[]},{"id":77,"title":"软件与信息服务","children":[]},{"id":78,"title":"计算机信息管理","children":[]},{"id":79,"title":"计算机应用技术","children":[]}]},{"id":58,"title":"材料工程学院","children":[{"id":17,"title":"电子信息工程","children":[{"id":58,"title":"电子信息1601","children":[]},{"id":80,"title":"电子信息1602","children":[]},{"id":85,"title":"电子信息1603","children":[]},{"id":88,"title":"电子信息1701","children":[]},{"id":89,"title":"电子信息1702","children":[]},{"id":90,"title":"电子信息1703","children":[]}]},{"id":18,"title":"计算机科学与技术","children":[{"id":68,"title":"计算机1701","children":[{"userId":283,"title":"艾霄席1"},{"userId":284,"title":"艾霄席2"},{"userId":285,"title":"艾霄席3"},{"userId":286,"title":"艾霄席4"},{"userId":287,"title":"艾霄席5"},{"userId":288,"title":"艾霄席6"},{"userId":289,"title":"艾霄席7"},{"userId":290,"title":"艾霄席8"},{"userId":291,"title":"艾霄席9"},{"userId":292,"title":"艾霄席10"},{"userId":293,"title":"艾霄席11"},{"userId":294,"title":"艾霄席12"},{"userId":295,"title":"艾霄席13"},{"userId":296,"title":"艾霄席14"},{"userId":297,"title":"艾霄席15"},{"userId":298,"title":"艾霄席16"},{"userId":299,"title":"艾霄席17"},{"userId":300,"title":"艾霄席18"},{"userId":301,"title":"艾霄席19"},{"userId":302,"title":"艾霄席20"}]},{"id":91,"title":"计算机1702","children":[{"userId":303,"title":"艾霄席21"},{"userId":304,"title":"艾霄席22"},{"userId":305,"title":"艾霄席23"},{"userId":306,"title":"艾霄席24"},{"userId":307,"title":"艾霄席25"},{"userId":308,"title":"艾霄席26"},{"userId":309,"title":"艾霄席27"},{"userId":310,"title":"艾霄席28"},{"userId":311,"title":"艾霄席29"},{"userId":312,"title":"艾霄席30"},{"userId":313,"title":"艾霄席31"},{"userId":314,"title":"艾霄席32"},{"userId":315,"title":"艾霄席33"},{"userId":316,"title":"艾霄席34"},{"userId":317,"title":"艾霄席35"},{"userId":318,"title":"艾霄席36"},{"userId":319,"title":"艾霄席37"},{"userId":320,"title":"艾霄席38"},{"userId":321,"title":"艾霄席39"},{"userId":322,"title":"艾霄席40"}]}]},{"id":34,"title":"软件技术","children":[{"id":82,"title":"test1","children":[{"userId":124,"title":"stu"}]},{"id":83,"title":"S","children":[]},{"id":84,"title":"ss","children":[]}]},{"id":35,"title":null,"children":[{"id":96,"title":"通信技术一班","children":[]}]},{"id":67,"title":"大数据技术与应用","children":[]},{"id":68,"title":"计算机网络技术","children":[]},{"id":69,"title":"软件技术","children":[{"id":82,"title":"test1","children":[{"userId":124,"title":"stu"}]},{"id":83,"title":"S","children":[]},{"id":84,"title":"ss","children":[]}]},{"id":70,"title":"云计算技术与应用","children":[]},{"id":71,"title":"信息安全与管理","children":[]},{"id":72,"title":"移动应用开发","children":[]},{"id":73,"title":"计算机系统与维护","children":[]},{"id":74,"title":"电子信息工程技术","children":[]},{"id":75,"title":"物联网应用技术","children":[]},{"id":76,"title":"移动互联应用技术","children":[]},{"id":77,"title":"软件与信息服务","children":[]},{"id":78,"title":"计算机信息管理","children":[]},{"id":79,"title":"计算机应用技术","children":[]}]}]